"","TPL_FAMILY","TPL_ORDER","APGIII_NUMBER"
"1","Abietaceae","Pinales",NA
"2","Abolbodaceae","Poales",NA
"3","Abrophyllaceae","Asterales",NA
"4","Acaciaceae","Fabales",NA
"5","Acalyphaceae","Malpighiales",NA
"6","Acanthaceae","Lamiales",378
"7","Acanthochlamydaceae","Pandanales",NA
"8","Acarnaceae","Asterales",NA
"9","Aceraceae","Sapindales",NA
"10","Achariaceae","Malpighiales",204
"11","Achatocarpaceae","Caryophyllales",297
"12","Achradaceae","Ericales",NA
"13","Achyranthaceae","Caryophyllales",NA
"14","Acmopylaceae","Pinales",NA
"15","Aconitaceae","Ranunculales",NA
"16","Acoraceae","Acorales",29
"17","Acristaceae","Arecales",NA
"18","Actaeaceae","Ranunculales",NA
"19","Actinidiaceae","Ericales",340
"20","Actinotaceae","Apiales",NA
"21","Adenogrammaceae","Caryophyllales",NA
"22","Adoxaceae","Dipsacales",405
"23","Aegialitidaceae","Caryophyllales",NA
"24","Aegicerataceae","Ericales",NA
"25","Aegilopaceae","Poales",NA
"26","Aeginetiaceae","Lamiales",NA
"27","Aegiphilaceae","Lamiales",NA
"28","Aesculaceae","Sapindales",NA
"29","Aextoxicaceae","Berberidopsidales",274
"30","Agapanthaceae","Asparagales",NA
"31","Agavaceae","Asparagales",NA
"32","Agdestidaceae","Caryophyllales",NA
"33","Agialidaceae","Zygophyllales",NA
"34","Agrimoniaceae","Rosales",NA
"35","Agrostidaceae","Poales",NA
"36","Ailanthaceae","Sapindales",NA
"37","Aitoniaceae","Sapindales",NA
"38","Aizoaceae","Caryophyllales",304
"39","Ajugaceae","Lamiales",NA
"40","Akaniaceae","Brassicales",257
"41","Alangiaceae","Cornales",NA
"42","Alchemillaceae","Rosales",NA
"43","Aldrovandaceae","Caryophyllales",NA
"44","Alismataceae","Alismatales",32
"45","Alliaceae","Asparagales",NA
"46","Allioniaceae","Caryophyllales",NA
"47","Allophylaceae","Sapindales",NA
"48","Aloaceae","Asparagales",NA
"49","Alopecuraceae","Poales",NA
"50","Alpiniaceae","Zingiberales",NA
"51","Alseuosmiaceae","Asterales",394
"52","Alsinaceae","Caryophyllales",NA
"53","Alsodeiaceae","Malpighiales",NA
"54","Alstroemeriaceae","Liliales",55
"55","Altingiaceae","Saxifragales",127
"56","Alzateaceae","Myrtales",225
"57","Amaranthaceae","Caryophyllales",298
"58","Amaryllidaceae","Asparagales",74
"59","Amborellaceae","Amborellales",1
"60","Ambrosiaceae","Asterales",NA
"61","Amentotaxaceae","Pinales",NA
"62","Ammanniaceae","Myrtales",NA
"63","Ammiaceae","Apiales",NA
"64","Amomaceae","Zingiberales",NA
"65","Ampelidopsaceae","Vitales",NA
"66","Amphorogynaceae","Santalales",NA
"67","Amygdalaceae","Rosales",NA
"68","Amyridaceae","Sapindales",NA
"69","Anacampserotaceae","Caryophyllales",315
"70","Anacardiaceae","Sapindales",239
"71","Anagallidaceae","Ericales",NA
"72","Anarthriaceae","Poales",100
"73","Anchusaceae","Boraginales",NA
"74","Ancistrocladaceae","Caryophyllales",291
"75","Andromedaceae","Ericales",NA
"76","Andropogonaceae","Poales",NA
"77","Androstachyaceae","Malpighiales",NA
"78","Androsynaceae","Asparagales",NA
"79","Anemarrhenaceae","Asparagales",NA
"80","Anemonaceae","Ranunculales",NA
"81","Angelicaceae","Apiales",NA
"82","Anisophylleaceae","Cucurbitales",164
"83","Annonaceae","Magnoliales",21
"84","Anomochloaceae","Poales",NA
"85","Anopteraceae","Escalloniales",NA
"86","Anrederaceae","Caryophyllales",NA
"87","Anthemidaceae","Asterales",NA
"88","Anthericaceae","Asparagales",NA
"89","Anthobolaceae","Santalales",NA
"90","Anthoxanthaceae","Poales",NA
"91","Antidesmataceae","Malpighiales",NA
"92","Antirrhinaceae","Lamiales",NA
"93","Antoniaceae","Gentianales",NA
"94","Aparinaceae","Gentianales",NA
"95","Aphanopetalaceae","Saxifragales",135
"96","Aphloiaceae","Crossosomatales",227
"97","Aphyllanthaceae","Asparagales",NA
"98","Apiaceae","Apiales",413
"99","Apocynaceae","Gentianales",354
"100","Apodanthaceae","Cucurbitales",163
"101","Aponogetonaceae","Alismatales",36
"102","Aporusaceae","Malpighiales",NA
"103","Aposeridaceae","Asterales",NA
"104","Apostasiaceae","Asparagales",NA
"105","Aptandraceae","Santalales",NA
"106","Aquifoliaceae","Aquifoliales",389
"107","Aquilariaceae","Malvales",NA
"108","Aquilegiaceae","Ranunculales",NA
"109","Arabidaceae","Brassicales",NA
"110","Araceae","Alismatales",30
"111","Aragoaceae","Lamiales",NA
"112","Araliaceae","Apiales",411
"113","Aralidiaceae","Apiales",NA
"114","Araucariaceae","Pinales",NA
"115","Arbutaceae","Ericales",NA
"116","Arceuthidaceae","Pinales",NA
"117","Arceuthobiaceae","Santalales",NA
"118","Arctostaphylaceae","Ericales",NA
"119","Arctotidaceae","Asterales",NA
"120","Ardisiaceae","Ericales",NA
"121","Arecaceae","Arecales",76
"122","Argophyllaceae","Asterales",396
"123","Arisaraceae","Alismatales",NA
"124","Aristolochiaceae","Piperales",15
"125","Aristoteliaceae","Oxalidales",NA
"126","Arjonaceae","Santalales",NA
"127","Armeriaceae","Caryophyllales",NA
"128","Artemisiaceae","Asterales",NA
"129","Arthrotaxidaceae","Pinales",NA
"130","Artocarpaceae","Rosales",NA
"131","Arundinaceae","Poales",NA
"132","Arundinellaceae","Poales",NA
"133","Asaraceae","Piperales",NA
"134","Asclepiadaceae","Gentianales",NA
"135","Ascyraceae","Malpighiales",NA
"136","Aspalathaceae","Fabales",NA
"137","Asparagaceae","Asparagales",75
"138","Asperellaceae","Poales",NA
"139","Asperulaceae","Gentianales",NA
"140","Asphodelaceae","Asparagales",NA
"141","Aspidistraceae","Asparagales",NA
"142","Asteliaceae","Asparagales",65
"143","Asteraceae","Asterales",400
"144","Asteranthaceae","Ericales",NA
"145","Asteropeiaceae","Caryophyllales",295
"146","Astragalaceae","Fabales",NA
"147","Astrocarpaceae","Brassicales",NA
"148","Athanasiaceae","Asterales",NA
"149","Atherospermataceae","Laurales",25
"150","Atriplicaceae","Caryophyllales",NA
"151","Atropaceae","Solanales",NA
"152","Aucubaceae","Garryales",NA
"153","Aurantiaceae","Sapindales",NA
"154","Austrobaileyaceae","Austrobaileyales",5
"155","Austrotaxaceae","Pinales",NA
"156","Avenaceae","Poales",NA
"157","Averrhoaceae","Oxalidales",NA
"158","Avetraceae","Dioscoreales",NA
"159","Avicenniaceae","Lamiales",NA
"160","Azaleaceae","Ericales",NA
"161","Azimaceae","Brassicales",NA
"162","Baeckeaceae","Myrtales",NA
"163","Balanitaceae","Zygophyllales",NA
"164","Balanopaceae","Malpighiales",192
"165","Balanophoraceae","Santalales",276
"166","Balsameaceae","Sapindales",NA
"167","Balsaminaceae","Ericales",323
"168","Bambusaceae","Poales",NA
"169","Barbaceniaceae","Pandanales",NA
"170","Barbeuiaceae","Caryophyllales",302
"171","Barbeyaceae","Rosales",148
"172","Barclayaceae","Nymphaeales",NA
"173","Barringtoniaceae","Ericales",NA
"174","Basellaceae","Caryophyllales",311
"175","Bataceae","Brassicales",264
"176","Baueraceae","Oxalidales",NA
"177","Bauhiniaceae","Fabales",NA
"178","Baxteriaceae","unplacedCommelinid",NA
"179","Begoniaceae","Cucurbitales",170
"180","Behniaceae","Asparagales",NA
"181","Belangeraceae","Oxalidales",NA
"182","Belloniaceae","Lamiales",NA
"183","Bembiciaceae","Malpighiales",NA
"184","Berberidaceae","Ranunculales",113
"185","Berberidopsidaceae","Berberidopsidales",275
"186","Berryaceae","Malvales",NA
"187","Bersamaceae","Geraniales",NA
"188","Bertyaceae","Malpighiales",NA
"189","Berzeliaceae","Bruniales",NA
"190","Besleriaceae","Lamiales",NA
"191","Betaceae","Caryophyllales",NA
"192","Betulaceae","Fagales",162
"193","Biebersteiniaceae","Sapindales",235
"194","Bifariaceae","Santalales",NA
"195","Bignoniaceae","Lamiales",379
"196","Bischofiaceae","Malpighiales",NA
"197","Bixaceae","Malvales",253
"198","Blakeaceae","Myrtales",NA
"199","Blandfordiaceae","Asparagales",64
"200","Blattiaceae","Myrtales",NA
"201","Blepharocaryaceae","Sapindales",NA
"202","Blitaceae","Caryophyllales",NA
"203","Blyxaceae","Alismatales",NA
"204","Boerlagellaceae","Ericales",NA
"205","Bogutchanthaceae","fossil_Hamamelidales",NA
"206","Bolivaraceae","Lamiales",NA
"207","Bombacaceae","Malvales",NA
"208","Bonnetiaceae","Malpighiales",212
"209","Bontiaceae","Lamiales",NA
"210","Boopidaceae","Asterales",NA
"211","Boraginaceae","Boraginales",356
"212","Borassaceae","Arecales",NA
"213","Boroniaceae","Sapindales",NA
"214","Borthwickiaceae","Brassicales",NA
"215","Boryaceae","Asparagales",63
"216","Botryodendraceae","Apiales",NA
"217","Bougainvilleaceae","Caryophyllales",NA
"218","Boweniaceae","Cycadales",NA
"219","Brachycaulaceae","Saxifragales",NA
"220","Brassicaceae","Brassicales",273
"221","Bretschneideraceae","Brassicales",NA
"222","Brexiaceae","Celastrales",NA
"223","Bromaceae","Poales",NA
"224","Bromeliaceae","Poales",92
"225","Browalliaceae","Solanales",NA
"226","Brownlowiaceae","Malvales",NA
"227","Brunelliaceae","Oxalidales",179
"228","Bruniaceae","Bruniales",403
"229","Brunoniaceae","Asterales",NA
"230","Brunsvigiaceae","Asparagales",NA
"231","Bryoniaceae","Cucurbitales",NA
"232","Buchneraceae","Lamiales",NA
"233","Bucidaceae","Myrtales",NA
"234","Buddlejaceae","Lamiales",NA
"235","Buglossaceae","Boraginales",NA
"236","Bulbocodiaceae","Liliales",NA
"237","Bumeliaceae","Ericales",NA
"238","Bupleuraceae","Apiales",NA
"239","Burchardiaceae","Liliales",NA
"240","Burmanniaceae","Dioscoreales",45
"241","Burseraceae","Sapindales",238
"242","Butneriaceae","Laurales",NA
"243","Butomaceae","Alismatales",33
"244","Buxaceae","Buxales",121
"245","Byblidaceae","Lamiales",383
"246","Byttneriaceae","Malvales",NA
"247","Cabombaceae","Nymphaeales",3
"248","Cacaoaceae","Malvales",NA
"249","Cactaceae","Caryophyllales",316
"250","Caesalpiniaceae","Fabales",NA
"251","Caladiaceae","Alismatales",NA
"252","Calamaceae","Arecales",NA
"253","Calceolariaceae","Lamiales",366
"254","Calectasiaceae","unplacedCommelinid",NA
"255","Calendulaceae","Asterales",NA
"256","Callaceae","Alismatales",NA
"257","Callicomaceae","Oxalidales",NA
"258","Calligonaceae","Caryophyllales",NA
"259","Callitraceae","Pinales",NA
"260","Callitrichaceae","Lamiales",NA
"261","Calochortaceae","Liliales",NA
"262","Calophyllaceae","Malpighiales",210
"263","Calthaceae","Ranunculales",NA
"264","Calycanthaceae","Laurales",22
"265","Calyceraceae","Asterales",399
"266","Cambogiaceae","Malpighiales",NA
"267","Camelliaceae","Ericales",NA
"268","Campanulaceae","Asterales",391
"269","Campynemataceae","Liliales",52
"270","Canacomyricaceae","Fagales",NA
"271","Canellaceae","Canellales",9
"272","Cannabaceae","Rosales",153
"273","Cannaceae","Zingiberales",86
"274","Canopodaceae","Santalales",NA
"275","Canotiaceae","Celastrales",NA
"276","Cansjeraceae","Santalales",NA
"277","Capparaceae","Brassicales",271
"278","Caprariaceae","Lamiales",NA
"279","Caprifoliaceae","Dipsacales",406
"280","Cardiopteridaceae","Aquifoliales",386
"281","Carduaceae","Asterales",NA
"282","Caricaceae","Brassicales",260
"283","Carissaceae","Gentianales",NA
"284","Carlemanniaceae","Lamiales",363
"285","Carlinaceae","Asterales",NA
"286","Carpinaceae","Fagales",NA
"287","Carpodetaceae","Asterales",NA
"288","Cartonemataceae","Commelinales",NA
"289","Caryocaraceae","Malpighiales",205
"290","Caryophyllaceae","Caryophyllales",296
"291","Cassiaceae","Fabales",NA
"292","Cassipoureaceae","Malpighiales",NA
"293","Cassythaceae","Laurales",NA
"294","Castaneaceae","Fagales",NA
"295","Castelaceae","Sapindales",NA
"296","Casuarinaceae","Fagales",160
"297","Catesbaeaceae","Gentianales",NA
"298","Cathedraceae","Santalales",NA
"299","Caucaulidaceae","Apiales",NA
"300","Cecropiaceae","Rosales",NA
"301","Cedraceae","Pinales",NA
"302","Cedrelaceae","Sapindales",NA
"303","Celastraceae","Celastrales",172
"304","Celosiaceae","Caryophyllales",NA
"305","Celtidaceae","Rosales",NA
"306","Centaureaceae","Asterales",NA
"307","Centrolepidaceae","Poales",101
"308","Centroplacaceae","Malpighiales",185
"309","Cepaceae","Asparagales",NA
"310","Cephalanthaceae","Gentianales",NA
"311","Cephalotaceae","Oxalidales",178
"312","Cephalotaxaceae","Pinales",NA
"313","Cerastiaceae","Caryophyllales",NA
"314","Ceratoniaceae","Fabales",NA
"315","Ceratophyllaceae","Ceratophyllales",107
"316","Cerberaceae","Gentianales",NA
"317","Cercidiphyllaceae","Saxifragales",129
"318","Cercocarpaceae","Rosales",NA
"319","Cercodiaceae","Saxifragales",NA
"320","Cereaceae","Caryophyllales",NA
"321","Cerinthaceae","Boraginales",NA
"322","Ceroxylaceae","Arecales",NA
"323","Cervantesiaceae","Santalales",NA
"324","Cestraceae","Solanales",NA
"325","Cevalliaceae","Cornales",NA
"326","Chaeturaceae","Poales",NA
"327","Chailletiaceae","Malpighiales",NA
"328","Chamaedoraceae","Arecales",NA
"329","Chamaemoraceae","Rosales",NA
"330","Chamelauciaceae","Myrtales",NA
"331","Chaunochitonaceae","Santalales",NA
"332","Cheilosaceae","Malpighiales",NA
"333","Chelidoniaceae","Ranunculales",NA
"334","Chelonaceae","Lamiales",NA
"335","Chenopodiaceae","Caryophyllales",NA
"336","Chimonanthaceae","Laurales",NA
"337","Chingithamnaceae","Celastrales",NA
"338","Chionographidaceae","Liliales",NA
"339","Chiranthodendraceae","Malvales",NA
"340","Chironiaceae","Gentianales",NA
"341","Chlaenaceae","Malvales",NA
"342","Chloanthaceae","Lamiales",NA
"343","Chloranthaceae","Chloranthales",8
"344","Chloridaceae","Poales",NA
"345","Chlorogalaceae","Asparagales",NA
"346","Chrysobalanaceae","Malpighiales",196
"347","Chrysospleniaceae","Saxifragales",NA
"348","Ciceraceae","Fabales",NA
"349","Cichoriaceae","Asterales",NA
"350","Cimicifugaceae","Ranunculales",NA
"351","Cinchoniaceae","Gentianales",NA
"352","Circaeaceae","Myrtales",NA
"353","Circaeasteraceae","Ranunculales",110
"354","Cissaceae","Vitales",NA
"355","Cistaceae","Malvales",255
"356","Citraceae","Sapindales",NA
"357","Clematidaceae","Ranunculales",NA
"358","Cleomaceae","Brassicales",272
"359","Clethraceae","Ericales",341
"360","Clusiaceae","Malpighiales",211
"361","Cneoraceae","Sapindales",NA
"362","Cnestidaceae","Oxalidales",NA
"363","Cnicaceae","Asterales",NA
"364","Cobaeaceae","Ericales",NA
"365","Cochlospermaceae","Malvales",NA
"366","Cocosaceae","Arecales",NA
"367","Codonaceae","Boraginales",NA
"368","Coeleanthaceae","Poales",NA
"369","Coffeaceae","Gentianales",NA
"370","Colchicaceae","Liliales",56
"371","Coleogynaceae","Rosales",NA
"372","Colocasiaceae","Alismatales",NA
"373","Columelliaceae","Bruniales",402
"374","Comandraceae","Santalales",NA
"375","Combretaceae","Myrtales",218
"376","Commelinaceae","Commelinales",78
"377","Comocladiaceae","Sapindales",NA
"378","Compositae","Asterales",NA
"379","Compsoaceae","Liliales",NA
"380","Conantheraceae","Asparagales",NA
"381","Connaraceae","Oxalidales",174
"382","Conostylidaceae","Commelinales",NA
"383","Convallariaceae","Asparagales",NA
"384","Convolvulaceae","Solanales",357
"385","Cordiaceae","Boraginales",NA
"386","Coreopsidaceae","Asterales",NA
"387","Coriandraceae","Apiales",NA
"388","Coriariaceae","Cucurbitales",166
"389","Coridaceae","Ericales",NA
"390","Corispermaceae","Caryophyllales",NA
"391","Cornaceae","Cornales",320
"392","Corokiaceae","Asterales",NA
"393","Coronillaceae","Fabales",NA
"394","Correaceae","Sapindales",NA
"395","Corrigiolaceae","Caryophyllales",NA
"396","Corsiaceae","Liliales",60
"397","Corydalaceae","Ranunculales",NA
"398","Corylaceae","Fagales",NA
"399","Corynocarpaceae","Cucurbitales",165
"400","Coryphaceae","Arecales",NA
"401","Costaceae","Zingiberales",88
"402","Cotyledonaceae","Saxifragales",NA
"403","Coulaceae","Santalales",NA
"404","Coutariaceae","Gentianales",NA
"405","Coutoubeaceae","Gentianales",NA
"406","Crassulaceae","Saxifragales",134
"407","Crescentiaceae","Lamiales",NA
"408","Cressaceae","Solanales",NA
"409","Crinaceae","Asparagales",NA
"410","Crocaceae","Asparagales",NA
"411","Croomiaceae","Pandanales",NA
"412","Crossosomataceae","Crossosomatales",233
"413","Crotonaceae","Malpighiales",NA
"414","Cruciferae","Brassicales",NA
"415","Cryptaceae","Malpighiales",NA
"416","Crypteroniaceae","Myrtales",224
"417","Cryptocorynaceae","Alismatales",NA
"418","Cryptomeriaceae","Pinales",NA
"419","Ctenolophonaceae","Malpighiales",186
"420","Cucurbitaceae","Cucurbitales",167
"421","Cunninghamiaceae","Pinales",NA
"422","Cunoniaceae","Oxalidales",176
"423","Cupressaceae","Pinales",NA
"424","Curcumaceae","Zingiberales",NA
"425","Curtisiaceae","Cornales",318
"426","Cuscutaceae","Solanales",NA
"427","Cyananthaceae","Asterales",NA
"428","Cyanastraceae","Asparagales",NA
"429","Cyanellaceae","Asparagales",NA
"430","Cycadaceae","Cycadales",NA
"431","Cyclanthaceae","Pandanales",50
"432","Cyclantheraceae","Cucurbitales",NA
"433","Cyclocheilaceae","Lamiales",NA
"434","Cydoniaceae","Rosales",NA
"435","Cymodoceaceae","Alismatales",42
"436","Cynanchaceae","Gentianales",NA
"437","Cynaraceae","Asterales",NA
"438","Cynocrambaceae","Gentianales",NA
"439","Cynodontaceae","Poales",NA
"440","Cynoglossaceae","Boraginales",NA
"441","Cynomoriaceae","Saxifragales",139
"442","Cynosuraceae","Poales",NA
"443","Cyperaceae","Poales",99
"444","Cyphiaceae","Asterales",NA
"445","Cyphocarpaceae","Asterales",NA
"446","Cypripediaceae","Asparagales",NA
"447","Cyrillaceae","Ericales",342
"448","Cyrtandraceae","Lamiales",NA
"449","Cyrtanthaceae","Asparagales",NA
"450","Cytinaceae","Malvales",247
"451","Dacrycarpaceae","Pinales",NA
"452","Dactylanthaceae","Santalales",NA
"453","Dalbergiaceae","Fabales",NA
"454","Daleaceae","Fabales",NA
"455","Damasoniaceae","Alismatales",NA
"456","Daphnaceae","Malvales",NA
"457","Daphniphyllaceae","Saxifragales",130
"458","Dasypogonaceae","unplacedCommelinid",90
"459","Datiscaceae","Cucurbitales",169
"460","Daturaceae","Solanales",NA
"461","Daucaceae","Apiales",NA
"462","Davidiaceae","Cornales",NA
"463","Davidsoniaceae","Oxalidales",NA
"464","Decaisneaceae","Ranunculales",NA
"465","Deeringiaceae","Caryophyllales",NA
"466","Degeneriaceae","Magnoliales",18
"467","Delimaceae","Dilleniales",NA
"468","Delphiniaceae","Ranunculales",NA
"469","Dendrophthoaceae","Santalales",NA
"470","Desfontainiaceae","Bruniales",NA
"471","Detariaceae","Fabales",NA
"472","Dialypetalanthaceae","Gentianales",NA
"473","Dianellaceae","Asparagales",NA
"474","Dianthaceae","Caryophyllales",NA
"475","Diapensiaceae","Ericales",336
"476","Dichapetalaceae","Malpighiales",194
"477","Dichondraceae","Solanales",NA
"478","Diclidantheraceae","Fabales",NA
"479","Dicrastylidiaceae","Lamiales",NA
"480","Dictamnaceae","Sapindales",NA
"481","Didiereaceae","Caryophyllales",310
"482","Didymelaceae","Buxales",NA
"483","Didymocarpaceae","Lamiales",NA
"484","Diegodendraceae","Malvales",NA
"485","Diervillaceae","Dipsacales",NA
"486","Digitalidaceae","Lamiales",NA
"487","Dilatridaceae","Commelinales",NA
"488","Dilleniaceae","Dilleniales",124
"489","Dioaceae","Cycadales",NA
"490","Dionaeaceae","Caryophyllales",NA
"491","Dioncophyllaceae","Caryophyllales",290
"492","Dioscoreaceae","Dioscoreales",46
"493","Diosmaceae","Sapindales",NA
"494","Diospyraceae","Ericales",NA
"495","Dipentodontaceae","Huerteales",246
"496","Diphylleiaceae","Ranunculales",NA
"497","Diplolaenaceae","Sapindales",NA
"498","Dipsacaceae","Dipsacales",NA
"499","Dipterocarpaceae","Malvales",256
"500","Dirachmaceae","Rosales",149
"501","Disanthaceae","Saxifragales",NA
"502","Diselmaceae","Pinales",NA
"503","Dodonaeaceae","Sapindales",NA
"504","Dombeyaceae","Malvales",NA
"505","Donatiaceae","Asterales",NA
"506","Dorsteniaceae","Rosales",NA
"507","Dortmannaceae","Asterales",NA
"508","Doryanthaceae","Asparagales",69
"509","Drabaceae","Brassicales",NA
"510","Dracaenaceae","Asparagales",NA
"511","Dracontiaceae","Alismatales",NA
"512","Drimyidaceae","Canellales",NA
"513","Droseraceae","Caryophyllales",287
"514","Drosophyllaceae","Caryophyllales",289
"515","Dryadaceae","Rosales",NA
"516","Duabangaceae","Myrtales",NA
"517","Duckeodendraceae","Solanales",NA
"518","Dulongiaceae","Aquifoliales",NA
"519","Durantaceae","Lamiales",NA
"520","Durionaceae","Malvales",NA
"521","Dysphaniaceae","Caryophyllales",NA
"522","Ebenaceae","Ericales",332
"523","Eccremidaceae","Asparagales",NA
"524","Ecdeiocoleaceae","Poales",105
"525","Echiaceae","Boraginales",NA
"526","Echinariaceae","Poales",NA
"527","Echinopaceae","Asterales",NA
"528","Ehretiaceae","Boraginales",NA
"529","Ehrhartaceae","Poales",NA
"530","Elaeagnaceae","Rosales",150
"531","Elaeocarpaceae","Oxalidales",177
"532","Elatinaceae","Malpighiales",190
"533","Elegiaceae","Poales",NA
"534","Ellisiaceae","Boraginales",NA
"535","Ellisiophyllaceae","Lamiales",NA
"536","Elodeaceae","Alismatales",NA
"537","Elytranthaceae","Santalales",NA
"538","Embeliaceae","Ericales",NA
"539","Emblingiaceae","Brassicales",266
"540","Emmotaceae","NearGarryales",NA
"541","Empetraceae","Ericales",NA
"542","Encephalartaceae","Cycadales",NA
"543","Engelhardtiaceae","Fagales",NA
"544","Enhalaceae","Alismatales",NA
"545","Epacridaceae","Ericales",NA
"546","Ephedraceae","Gnetales",NA
"547","Ephemeranthaceae","Commelinales",NA
"548","Epilobiaceae","Myrtales",NA
"549","Epimediaceae","Ranunculales",NA
"550","Eragrostidaceae","Poales",NA
"551","Eremolepidaceae","Santalales",NA
"552","Eremosynaceae","Escalloniales",NA
"553","Ericaceae","Ericales",344
"554","Erinaceae","Lamiales",NA
"555","Eriocaulaceae","Poales",95
"556","Eriogonaceae","Caryophyllales",NA
"557","Eriospermaceae","Asparagales",NA
"558","Erodiaceae","Geraniales",NA
"559","Erycibaceae","Solanales",NA
"560","Eryngiaceae","Apiales",NA
"561","Erysimaceae","Brassicales",NA
"562","Erythroniaceae","Liliales",NA
"563","Erythropalaceae","Santalales",NA
"564","Erythrospermaceae","Malpighiales",NA
"565","Erythroxylaceae","Malpighiales",182
"566","Escalloniaceae","Escalloniales",401
"567","Eschscholziaceae","Ranunculales",NA
"568","Eucomidaceae","Asparagales",NA
"569","Eucommiaceae","Garryales",348
"570","Eucryphiaceae","Oxalidales",NA
"571","Eugeniaceae","Myrtales",NA
"572","Euonymaceae","Celastrales",NA
"573","Eupatoriaceae","Asterales",NA
"574","Euphorbiaceae","Malpighiales",184
"575","Euphrasiaceae","Lamiales",NA
"576","Euphroniaceae","Malpighiales",195
"577","Eupomatiaceae","Magnoliales",20
"578","Eupteleaceae","Ranunculales",108
"579","Euryalaceae","Nymphaeales",NA
"580","Eustrephaceae","Asparagales",NA
"581","Euthemidaceae","Malpighiales",NA
"582","Eutocaceae","Boraginales",NA
"583","Evolvulaceae","Solanales",NA
"584","ex-Icacinaceae","NearGarryales",NA
"585","Exbucklandiaceae","Saxifragales",NA
"586","Exocarpaceae","Santalales",NA
"587","Fabaceae","Fabales",144
"588","Fagaceae","Fagales",157
"589","Falcatifoliaceae","Pinales",NA
"590","Ferulaceae","Apiales",NA
"591","Festucaceae","Poales",NA
"592","Ficaceae","Rosales",NA
"593","Ficoidaceae","Caryophyllales",NA
"594","Fitzroyaceae","Pinales",NA
"595","Flacourtiaceae","Malpighiales",NA
"596","Flagellariaceae","Poales",103
"597","Flindersiaceae","Sapindales",NA
"598","Foetidiaceae","Ericales",NA
"599","Forestieraceae","Lamiales",NA
"600","Fothergillaceae","Saxifragales",NA
"601","Fouquieriaceae","Ericales",326
"602","Fragariaceae","Rosales",NA
"603","Francoaceae","Geraniales",NA
"604","Frangulaceae","Rosales",NA
"605","Frankeniaceae","Caryophyllales",283
"606","Fraxinaceae","Lamiales",NA
"607","Fraxinellaceae","Sapindales",NA
"608","Freycinetiaceae","Pandanales",NA
"609","Fritillariaceae","Liliales",NA
"610","Fuchsiaceae","Myrtales",NA
"611","Fumariaceae","Ranunculales",NA
"612","Funkiaceae","Asparagales",NA
"613","Gaiadendraceae","Santalales",NA
"614","Galacinaceae","Ericales",NA
"615","Galanthaceae","Asparagales",NA
"616","Galaxiaceae","Asparagales",NA
"617","Galedupaceae","Fabales",NA
"618","Galeniaceae","Caryophyllales",NA
"619","Galiaceae","Gentianales",NA
"620","Garciniaceae","Malpighiales",NA
"621","Gardeniaceae","Gentianales",NA
"622","Gardneriaceae","Gentianales",NA
"623","Garryaceae","Garryales",349
"624","Geissolomataceae","Crossosomatales",228
"625","Geitonoplesiaceae","Asparagales",NA
"626","Gelsemiaceae","Gentianales",353
"627","Geniostomataceae","Gentianales",NA
"628","Gentianaceae","Gentianales",351
"629","Geoffroeaceae","Fabales",NA
"630","Geonomataceae","Arecales",NA
"631","Geosiridaceae","Asparagales",NA
"632","Geraniaceae","Geraniales",215
"633","Gerrardinaceae","Huerteales",244
"634","Gesneriaceae","Lamiales",367
"635","Gethyllidaceae","Asparagales",NA
"636","Gilliesiaceae","Asparagales",NA
"637","Ginalloaceae","Santalales",NA
"638","Ginkgoaceae","Ginkgoales",NA
"639","Gisekiaceae","Caryophyllales",303
"640","Gladiolaceae","Asparagales",NA
"641","Glaucidiaceae","Ranunculales",NA
"642","Glechomaceae","Lamiales",NA
"643","Glinaceae","Caryophyllales",NA
"644","Globulariaceae","Lamiales",NA
"645","Glyceriaceae","Poales",NA
"646","Gnaphaliaceae","Asterales",NA
"647","Gnetaceae","Gnetales",NA
"648","Gnidiaceae","Malvales",NA
"649","Goetzeaceae","Solanales",NA
"650","Gomortegaceae","Laurales",24
"651","Gomphiaceae","Malpighiales",NA
"652","Gomphrenaceae","Caryophyllales",NA
"653","Gonystylaceae","Malvales",NA
"654","Goodeniaceae","Asterales",398
"655","Gordoniaceae","Ericales",NA
"656","Gouaniaceae","Rosales",NA
"657","Goupiaceae","Malpighiales",203
"658","Gramineae","Poales",NA
"659","Gratiolaceae","Lamiales",NA
"660","Grewiaceae","Malvales",NA
"661","Greyiaceae","Geraniales",NA
"662","Grielaceae","Malvales",NA
"663","Grindeliaceae","Asterales",NA
"664","Griseliniaceae","Apiales",409
"665","Gronoviaceae","Cornales",NA
"666","Grossulariaceae","Saxifragales",132
"667","Grubbiaceae","Cornales",319
"668","Guaiacanaceae","Ericales",NA
"669","Guamatelaceae","Crossosomatales",NA
"670","Guettardaceae","Gentianales",NA
"671","Gunneraceae","Gunnerales",123
"672","Gustaviaceae","Ericales",NA
"673","Guttiferae","Malpighiales",NA
"674","Gyrocarpaceae","Laurales",NA
"675","Gyrostemonaceae","Brassicales",269
"676","Hachetteaceae","Santalales",NA
"677","Haemanthaceae","Asparagales",NA
"678","Haemodoraceae","Commelinales",81
"679","Halesiaceae","Ericales",NA
"680","Hallieraceae","Lamiales",NA
"681","Halocarpaceae","Pinales",NA
"682","Halophilaceae","Alismatales",NA
"683","Halophytaceae","Caryophyllales",312
"684","Haloragaceae","Saxifragales",138
"685","Hamamelidaceae","Saxifragales",128
"686","Hameliaceae","Gentianales",NA
"687","Hanguanaceae","Commelinales",77
"688","Haptanthaceae","Buxales",120
"689","Harmandiaceae","Santalales",NA
"690","Hebenstretiaceae","Lamiales",NA
"691","Hectorellaceae","Caryophyllales",NA
"692","Hederaceae","Apiales",NA
"693","Hedyosmaceae","Chloranthales",NA
"694","Hedyotidaceae","Gentianales",NA
"695","Hedysaraceae","Fabales",NA
"696","Heisteriaceae","Santalales",NA
"697","Heleniaceae","Asterales",NA
"698","Heliamphoraceae","Ericales",NA
"699","Helianthaceae","Asterales",NA
"700","Helianthemaceae","Malvales",NA
"701","Helichrysaceae","Asterales",NA
"702","Heliconiaceae","Zingiberales",84
"703","Helicteraceae","Malvales",NA
"704","Heliotropiaceae","Boraginales",NA
"705","Helleboraceae","Ranunculales",NA
"706","Heloniadaceae","Liliales",NA
"707","Helosidaceae","Santalales",NA
"708","Helwingiaceae","Aquifoliales",388
"709","Hemerocallidaceae","Asparagales",NA
"710","Hemimeridaceae","Lamiales",NA
"711","Hemiphylacaceae","Asparagales",NA
"712","Henriqueziaceae","Gentianales",NA
"713","Henslowiaceae","Myrtales",NA
"714","Hermanniaceae","Malvales",NA
"715","Hernandiaceae","Laurales",26
"716","Herniariaceae","Caryophyllales",NA
"717","Herreriaceae","Asparagales",NA
"718","Hesperocallidaceae","Asparagales",NA
"719","Heterantheraceae","Commelinales",NA
"720","Heteropyxidaceae","Myrtales",NA
"721","Heterostylaceae","Alismatales",NA
"722","Hibbertiaceae","Dilleniales",NA
"723","Hibiscaceae","Malvales",NA
"724","Hilleriaceae","Caryophyllales",NA
"725","Himantandraceae","Magnoliales",19
"726","Hippocastanaceae","Sapindales",NA
"727","Hippocrateaceae","Celastrales",NA
"728","Hippomanaceae","Malpighiales",NA
"729","Hippophaeaceae","Rosales",NA
"730","Hippuridaceae","Lamiales",NA
"731","Hirtellaceae","Malpighiales",NA
"732","Holacanthaceae","Sapindales",NA
"733","Holcaceae","Poales",NA
"734","Homaliaceae","Malpighiales",NA
"735","Hopkinsiaceae","Poales",NA
"736","Hoplestigmataceae","Boraginales",NA
"737","Hordeaceae","Poales",NA
"738","Hornschuchiaceae","Magnoliales",NA
"739","Hortensiaceae","Cornales",NA
"740","Hortoniaceae","Laurales",NA
"741","Hostaceae","Asparagales",NA
"742","Hottoniaceae","Ericales",NA
"743","Houstoniaceae","Gentianales",NA
"744","Huaceae","Oxalidales",173
"745","Huerteaceae","Huerteales",NA
"746","Hugoniaceae","Malpighiales",NA
"747","Humbertiaceae","Solanales",NA
"748","Humiriaceae","Malpighiales",206
"749","Humulaceae","Rosales",NA
"750","Hyacinthaceae","Asparagales",NA
"751","Hydatellaceae","Nymphaeales",2
"752","Hydnoraceae","Piperales",14
"753","Hydrangeaceae","Cornales",321
"754","Hydrastidaceae","Ranunculales",NA
"755","Hydrillaceae","Alismatales",NA
"756","Hydroceraceae","Ericales",NA
"757","Hydrocharitaceae","Alismatales",34
"758","Hydrocotylaceae","Apiales",NA
"759","Hydrogetonaceae","Alismatales",NA
"760","Hydroleaceae","Solanales",361
"761","Hydropeltidaceae","Nymphaeales",NA
"762","Hydrophylacaceae","Gentianales",NA
"763","Hydrophyllaceae","Boraginales",NA
"764","Hydrostachyaceae","Cornales",317
"765","Hymenocardiaceae","Malpighiales",NA
"766","Hyoscyamaceae","Solanales",NA
"767","Hypecoaceae","Ranunculales",NA
"768","Hyperantheraceae","Brassicales",NA
"769","Hypericaceae","Malpighiales",214
"770","Hypopityaceae","Ericales",NA
"771","Hypoxidaceae","Asparagales",67
"772","Hypseocharitaceae","Geraniales",NA
"773","Icacinaceae","NearGarryales",347
"774","Idiospermaceae","Laurales",NA
"775","Ilicaceae","Aquifoliales",NA
"776","Illecebraceae","Caryophyllales",NA
"777","Illiciaceae","Austrobaileyales",NA
"778","Illigeraceae","Laurales",NA
"779","Impatientaceae","Ericales",NA
"780","Imperatoriaceae","Apiales",NA
"781","Inocarpaceae","Fabales",NA
"782","Inulaceae","Asterales",NA
"783","Iodaceae","NearGarryales",NA
"784","Ionidiaceae","Malpighiales",NA
"785","Iriarteaceae","Arecales",NA
"786","Iridaceae","Asparagales",71
"787","Irvingiaceae","Malpighiales",207
"788","Isatidaceae","Brassicales",NA
"789","Isnardiaceae","Myrtales",NA
"790","Isophysidaceae","Asparagales",NA
"791","Iteaceae","Saxifragales",131
"792","Ivaceae","Asterales",NA
"793","Ixerbaceae","Crossosomatales",NA
"794","Ixiaceae","Asparagales",NA
"795","Ixioliriaceae","Asparagales",70
"796","Ixiolirionaceae","Asparagales",NA
"797","Ixonanthaceae","Malpighiales",209
"798","Jalapaceae","Caryophyllales",NA
"799","Jamboliferaceae","Sapindales",NA
"800","Japonoliriaceae","Petrosaviales",NA
"801","Jasionaceae","Asterales",NA
"802","Jasminiaceae","Lamiales",NA
"803","Johnsoniaceae","Asparagales",NA
"804","Joinvilleaceae","Poales",104
"805","Juglandaceae","Fagales",159
"806","Julianiaceae","Sapindales",NA
"807","Juncaceae","Poales",98
"808","Juncaginaceae","Alismatales",37
"809","Juniperaceae","Pinales",NA
"810","Jussiaeaceae","Myrtales",NA
"811","Justiciaceae","Lamiales",NA
"812","Kadsuraceae","Austrobaileyales",NA
"813","Kaliphoraceae","Solanales",NA
"814","Kalmiaceae","Ericales",NA
"815","Kaniaceae","Myrtales",NA
"816","Kasicarpaceae","fossilSarbaicarpales_near_Hamamelidales",NA
"817","Kiggelariaceae","Malpighiales",NA
"818","Kingdoniaceae","Ranunculales",NA
"819","Kingiaceae","unplacedCommelinid",NA
"820","Kirengeshomaceae","Cornales",NA
"821","Kirkiaceae","Sapindales",237
"822","Kobresiaceae","Poales",NA
"823","Koeberliniaceae","Brassicales",263
"824","Koelreuteriaceae","Sapindales",NA
"825","Krameriaceae","Zygophyllales",141
"826","Labiatae","Lamiales",NA
"827","Lacandoniaceae","Pandanales",NA
"828","Lachenaliaceae","Asparagales",NA
"829","Lacistemataceae","Malpighiales",200
"830","Lactoridaceae","Piperales",13
"831","Lactucaceae","Asterales",NA
"832","Lagerstroemiaceae","Myrtales",NA
"833","Lagoeciaceae","Apiales",NA
"834","Laguraceae","Poales",NA
"835","Lamiaceae","Lamiales",373
"836","Lampsanaceae","Asterales",NA
"837","Lanariaceae","Asparagales",66
"838","Langsdorffiaceae","Santalales",NA
"839","Lantanaceae","Lamiales",NA
"840","Lapageriaceae","Liliales",NA
"841","Lardizabalaceae","Ranunculales",111
"842","Lasiaceae","Alismatales",NA
"843","Lasiopetalaceae","Malvales",NA
"844","Lauraceae","Laurales",28
"845","Lawsoniaceae","Myrtales",NA
"846","Laxmanniaceae","Asparagales",NA
"847","Lecythidaceae","Ericales",328
"848","Ledaceae","Ericales",NA
"849","Ledocarpaceae","Geraniales",NA
"850","Leeaceae","Vitales",NA
"851","Legnotidaceae","Malpighiales",NA
"852","Leguminosae","Fabales",NA
"853","Leitneriaceae","Sapindales",NA
"854","Lemnaceae","Alismatales",NA
"855","Lennoaceae","Boraginales",NA
"856","Lentibulariaceae","Lamiales",377
"857","Lentiscaceae","Sapindales",NA
"858","Leoniaceae","Malpighiales",NA
"859","Leonticaceae","Ranunculales",NA
"860","Lepidobotryaceae","Celastrales",171
"861","Lepidocarpaceae","Proteales",NA
"862","Lepidocaryaceae","Arecales",NA
"863","Lepidocerataceae","Santalales",NA
"864","Leptaulaceae","Aquifoliales",NA
"865","Leptospermaceae","Myrtales",NA
"866","Lepturaceae","Poales",NA
"867","Lepuropetalaceae","Celastrales",NA
"868","Leucojaceae","Asparagales",NA
"869","Leuctenbergiaceae","Caryophyllales",NA
"870","Libocedraceae","Pinales",NA
"871","Licaniaceae","Malpighiales",NA
"872","Ligustraceae","Lamiales",NA
"873","Lilaeaceae","Alismatales",NA
"874","Liliaceae","Liliales",61
"875","Limeaceae","Caryophyllales",300
"876","Limnanthaceae","Brassicales",261
"877","Limnocharitaceae","Alismatales",NA
"878","Limodoraceae","Asparagales",NA
"879","Limoniaceae","Caryophyllales",NA
"880","Limosellaceae","Lamiales",NA
"881","Linaceae","Malpighiales",208
"882","Linariaceae","Lamiales",NA
"883","Lindenbergiaceae","Lamiales",NA
"884","Linderniaceae","Lamiales",371
"885","Lindleyaceae","Rosales",NA
"886","Linnaeaceae","Dipsacales",NA
"887","Liparidaceae","Asparagales",NA
"888","Lippayaceae","Gentianales",NA
"889","Liriaceae","Liliales",NA
"890","Liriodendraceae","Magnoliales",NA
"891","Lissocarpaceae","Ericales",NA
"892","Littorellaceae","Lamiales",NA
"893","Loasaceae","Cornales",322
"894","Lobeliaceae","Asterales",NA
"895","Loganiaceae","Gentianales",352
"896","Loliaceae","Poales",NA
"897","Lomandraceae","Asparagales",NA
"898","Loniceraceae","Dipsacales",NA
"899","Lopeziaceae","Myrtales",NA
"900","Lophiocarpaceae","Caryophyllales",301
"901","Lophiolaceae","Dioscoreales",NA
"902","Lophiraceae","Malpighiales",NA
"903","Lophophytaceae","Santalales",NA
"904","Lophopyxidaceae","Malpighiales",197
"905","Loranthaceae","Santalales",280
"906","Lotaceae","Fabales",NA
"907","Lowiaceae","Zingiberales",83
"908","Lupulaceae","Rosales",NA
"909","Luxemburgiaceae","Malpighiales",NA
"910","Luzuriagaceae","Liliales",NA
"911","Lychnidaceae","Caryophyllales",NA
"912","Lyciaceae","Solanales",NA
"913","Lyginiaceae","Poales",NA
"914","Lygodisodeaceae","Gentianales",NA
"915","Lysimachiaceae","Ericales",NA
"916","Lythraceae","Myrtales",219
"917","Macarisiaceae","Malpighiales",NA
"918","Mackinlayaceae","Apiales",NA
"919","Madiaceae","Asterales",NA
"920","Maesaceae","Ericales",NA
"921","Magnoliaceae","Magnoliales",17
"922","Malaceae","Rosales",NA
"923","Malesherbiaceae","Malpighiales",NA
"924","Malortieaceae","Arecales",NA
"925","Malpighiaceae","Malpighiales",191
"926","Malvaceae","Malvales",250
"927","Mangiaceae","Malpighiales",NA
"928","Manicariaceae","Arecales",NA
"929","Mapaniaceae","Poales",NA
"930","Marantaceae","Zingiberales",87
"931","Marathraceae","Malpighiales",NA
"932","Marcgraviaceae","Ericales",324
"933","Martyniaceae","Lamiales",384
"934","Mastixiaceae","Cornales",NA
"935","Matricariaceae","Asterales",NA
"936","Maundiaceae","Alismatales",NA
"937","Mayacaceae","Poales",96
"938","Mazacaceae","Lamiales",NA
"939","Medeolaceae","Liliales",NA
"940","Medusagynaceae","Malpighiales",NA
"941","Medusandraceae","Saxifragales",NA
"942","Melaleucaceae","Myrtales",NA
"943","Melampyraceae","Lamiales",NA
"944","Melanophyllaceae","Apiales",NA
"945","Melanthiaceae","Liliales",53
"946","Melastomataceae","Myrtales",223
"947","Meliaceae","Sapindales",243
"948","Melianthaceae","Geraniales",217
"949","Melicaceae","Poales",NA
"950","Meliosmaceae","Sabiales",NA
"951","Melittidaceae","Lamiales",NA
"952","Melochiaceae","Malvales",NA
"953","Memecylaceae","Myrtales",NA
"954","Mendonciaceae","Lamiales",NA
"955","Menispermaceae","Ranunculales",112
"956","Menthaceae","Lamiales",NA
"957","Menyanthaceae","Asterales",397
"958","Menzieziaceae","Ericales",NA
"959","Mercurialaceae","Malpighiales",NA
"960","Merenderaceae","Liliales",NA
"961","Mesembryaceae","Caryophyllales",NA
"962","Mesembryanthemaceae","Caryophyllales",NA
"963","Mespilaceae","Rosales",NA
"964","Metasequioaceae","Pinales",NA
"965","Metteniusaceae","NearGarryales",346
"966","Meyeniaceae","Lamiales",NA
"967","Miconiaceae","Myrtales",NA
"968","Micrantheaceae","Malpighiales",NA
"969","Microbiotaceae","Pinales",NA
"970","Microcachrydaceae","Pinales",NA
"971","Microcycadaceae","Cycadales",NA
"972","Microstrobaceae","Pinales",NA
"973","Microteaceae","Caryophyllales",NA
"974","Miliaceae","Poales",NA
"975","Milulaceae","Asparagales",NA
"976","Mimosaceae","Fabales",NA
"977","Minuartiaceae","Caryophyllales",NA
"978","Mirabilidaceae","Caryophyllales",NA
"979","Misodendraceae","Santalales",281
"980","Mitrastemonaceae","Ericales",343
"981","Miyoshiaceae","Petrosaviales",NA
"982","Modeccaceae","Malpighiales",NA
"983","Molluginaceae","Caryophyllales",308
"984","Monardaceae","Lamiales",NA
"985","Monimiaceae","Laurales",27
"986","Monodoraceae","Magnoliales",NA
"987","Monotaceae","Malvales",NA
"988","Monotropaceae","Ericales",NA
"989","Monsteraceae","Alismatales",NA
"990","Montiaceae","Caryophyllales",309
"991","Montiniaceae","Solanales",359
"992","Moraceae","Rosales",154
"993","Moreniaceae","Arecales",NA
"994","Morinaceae","Dipsacales",NA
"995","Moringaceae","Brassicales",259
"996","Mouririaceae","Myrtales",NA
"997","Moutabeaceae","Fabales",NA
"998","Muntingiaceae","Malvales",248
"999","Musaceae","Zingiberales",85
"1000","Mutisiaceae","Asterales",NA
"1001","Myodocarpaceae","Apiales",412
"1002","Myoporaceae","Lamiales",NA
"1003","Myricaceae","Fagales",158
"1004","Myriophyllaceae","Saxifragales",NA
"1005","Myristicaceae","Magnoliales",16
"1006","Myrobalanaceae","Myrtales",NA
"1007","Myrothamnaceae","Gunnerales",122
"1008","Myrrhiniaceae","Myrtales",NA
"1009","Myrsinaceae","Ericales",NA
"1010","Myrtaceae","Myrtales",222
"1011","Mystropetalaceae","Santalales",NA
"1012","Nageiaceae","Pinales",NA
"1013","Najadaceae","Alismatales",NA
"1014","Nandinaceae","Ranunculales",NA
"1015","Nanodeaceae","Santalales",NA
"1016","Napoleonaeaceae","Ericales",NA
"1017","Narcissaceae","Asparagales",NA
"1018","Nardaceae","Poales",NA
"1019","Nartheciaceae","Dioscoreales",44
"1020","Nassauviaceae","Asterales",NA
"1021","Naucleaceae","Gentianales",NA
"1022","Nectaropetalaceae","Malpighiales",NA
"1023","Neilliaceae","Rosales",NA
"1024","Nelsoniaceae","Lamiales",NA
"1025","Nelumbonaceae","Proteales",116
"1026","Nemacladaceae","Asterales",NA
"1027","Neocallitropsidaceae","Pinales",NA
"1028","Neottiaceae","Asparagales",NA
"1029","Nepenthaceae","Caryophyllales",288
"1030","Nepetaceae","Lamiales",NA
"1031","Nesogenaceae","Lamiales",NA
"1032","Neuradaceae","Malvales",249
"1033","Neuwiediaceae","Asparagales",NA
"1034","Nhandirobaceae","Cucurbitales",NA
"1035","Nicotianaceae","Solanales",NA
"1036","Nigellaceae","Ranunculales",NA
"1037","Nitrariaceae","Sapindales",236
"1038","Nolanaceae","Solanales",NA
"1039","Nolinaceae","Asparagales",NA
"1040","Nonateliaceae","Gentianales",NA
"1041","Nopaleaceae","Caryophyllales",NA
"1042","Noranteaceae","Ericales",NA
"1043","Nothofagaceae","Fagales",156
"1044","Nupharaceae","Nymphaeales",NA
"1045","Nuytsiaceae","Santalales",NA
"1046","Nyctaginaceae","Caryophyllales",307
"1047","Nyctanthaceae","Lamiales",NA
"1048","Nymphaeaceae","Nymphaeales",4
"1049","Nypaceae","Arecales",NA
"1050","Nyssaceae","Cornales",NA
"1051","Obolariaceae","Gentianales",NA
"1052","Ochnaceae","Malpighiales",187
"1053","Ochranthaceae","Crossosomatales",NA
"1054","Octoknemaceae","Santalales",NA
"1055","Oenotheraceae","Myrtales",NA
"1056","Oftiaceae","Lamiales",NA
"1057","Olacaceae","Santalales",277
"1058","Oleaceae","Lamiales",364
"1059","Oliniaceae","Myrtales",NA
"1060","Olyraceae","Poales",NA
"1061","Onagraceae","Myrtales",220
"1062","Oncothecaceae","NearGarryales,asteridI",345
"1063","Onosmaceae","Boraginales",NA
"1064","Operculariaceae","Gentianales",NA
"1065","Ophiopogonaceae","Asparagales",NA
"1066","Ophioxylaceae","Gentianales",NA
"1067","Ophiraceae","Cornales",NA
"1068","Ophiuraceae","Poales",NA
"1069","Ophrydaceae","Asparagales",NA
"1070","Opiliaceae","Santalales",278
"1071","Oporanthaceae","Asparagales",NA
"1072","Opuntiaceae","Caryophyllales",NA
"1073","Orchidaceae","Asparagales",62
"1074","Ornithogalaceae","Asparagales",NA
"1075","Ornithrophaceae","Sapindales",NA
"1076","Orobanchaceae","Lamiales",376
"1077","Orontiaceae","Alismatales",NA
"1078","Ortegaceae","Caryophyllales",NA
"1079","Oryzaceae","Poales",NA
"1080","Osyridaceae","Santalales",NA
"1081","Oxalidaceae","Oxalidales",175
"1082","Oxycladaceae","Lamiales",NA
"1083","Oxycoccaceae","Ericales",NA
"1084","Oxystylidaceae","Brassicales",NA
"1085","Pachysandraceae","Buxales",NA
"1086","Pacouriaceae","Gentianales",NA
"1087","Paeoniaceae","Saxifragales",126
"1088","Pagamaeaceae","Gentianales",NA
"1089","Paivaeusaceae","Malpighiales",NA
"1090","Palmae","Arecales",NA
"1091","Pancratiaceae","Asparagales",NA
"1092","Pandaceae","Malpighiales",180
"1093","Pandanaceae","Pandanales",51
"1094","Pangiaceae","Malpighiales",NA
"1095","Panicaceae","Poales",NA
"1096","Papaveraceae","Ranunculales",109
"1097","Papayaceae","Brassicales",NA
"1098","Papilionaceae","Fabales",NA
"1099","Pappophoraceae","Poales",NA
"1100","Papyraceae","Poales",NA
"1101","Paracryphiaceae","Paracryphiales",404
"1102","Parasitaxaceae","Pinales",NA
"1103","Parianaceae","Poales",NA
"1104","Paridaceae","Liliales",NA
"1105","Parnassiaceae","Celastrales",NA
"1106","Paronychiaceae","Caryophyllales",NA
"1107","Paropsiaceae","Malpighiales",NA
"1108","Parrotiaceae","Saxifragales",NA
"1109","Partheniaceae","Asterales",NA
"1110","Paspalaceae","Poales",NA
"1111","Passifloraceae","Malpighiales",199
"1112","Pastinacaceae","Apiales",NA
"1113","Paulliniaceae","Sapindales",NA
"1114","Paulowniaceae","Lamiales",375
"1115","Paviaceae","Sapindales",NA
"1116","Pectiantiaceae","Saxifragales",NA
"1117","Pedaliaceae","Lamiales",372
"1118","Pedicularidaceae","Lamiales",NA
"1119","Peganaceae","Sapindales",NA
"1120","Peliosanthaceae","Asparagales",NA
"1121","Pellicieraceae","Ericales",NA
"1122","Penaeaceae","Myrtales",226
"1123","Pennantiaceae","Apiales",407
"1124","Pentadiplandraceae","Brassicales",268
"1125","Pentapetaceae","Malvales",NA
"1126","Pentaphragmataceae","Asterales",392
"1127","Pentaphylacaceae","Ericales",330
"1128","Pentastemonaceae","Pandanales",NA
"1129","Penthoraceae","Saxifragales",137
"1130","Peperomiaceae","Piperales",NA
"1131","Peraceae","Malpighiales",NA
"1132","Perdiciaceae","Asterales",NA
"1133","Peridiscaceae","Saxifragales",125
"1134","Periplocaceae","Gentianales",NA
"1135","Peripterygiaceae","Aquifoliales",NA
"1136","Perseaceae","Laurales",NA
"1137","Persicariaceae","Caryophyllales",NA
"1138","Petenaeaceae","Huerteales",NA
"1139","Petermanniaceae","Liliales",54
"1140","Petiveriaceae","Caryophyllales",NA
"1141","Petreaceae","Lamiales",NA
"1142","Petrosaviaceae","Petrosaviales",43
"1143","Phalaridaceae","Poales",NA
"1144","Phaleriaceae","Malvales",NA
"1145","Pharaceae","Poales",NA
"1146","Pharnaceaceae","Caryophyllales",NA
"1147","Phaseolaceae","Fabales",NA
"1148","Phellinaceae","Asterales",395
"1149","Phelypaeaceae","Lamiales",NA
"1150","Pherosphaeraceae","Pinales",NA
"1151","Philadelphaceae","Cornales",NA
"1152","Philesiaceae","Liliales",57
"1153","Philippodendraceae","Malvales",NA
"1154","Philocrenaceae","Malpighiales",NA
"1155","Philodendraceae","Alismatales",NA
"1156","Philydraceae","Commelinales",79
"1157","Phleaceae","Poales",NA
"1158","Phoenicaceae","Arecales",NA
"1159","Phoradendraceae","Santalales",NA
"1160","Phormiaceae","Asparagales",NA
"1161","Phrymaceae","Lamiales",374
"1162","Phylicaceae","Rosales",NA
"1163","Phyllanthaceae","Malpighiales",189
"1164","Phyllocladaceae","Pinales",NA
"1165","Phyllonomaceae","Aquifoliales",387
"1166","Physenaceae","Caryophyllales",294
"1167","Phytelephantaceae","Arecales",NA
"1168","Phytocrenaceae","nearGarryales",NA
"1169","Phytolaccaceae","Caryophyllales",305
"1170","Piceaceae","Pinales",NA
"1171","Picramniaceae","Picramniales",234
"1172","Picridaceae","Asterales",NA
"1173","Picrodendraceae","Malpighiales",188
"1174","Pilgerodendraceae","Pinales",NA
"1175","Pilocarpaceae","Sapindales",NA
"1176","Pimpinellaceae","Apiales",NA
"1177","Pinaceae","Pinales",NA
"1178","Pinguiculaceae","Lamiales",NA
"1179","Piperaceae","Piperales",12
"1180","Piriquetaceae","Malpighiales",NA
"1181","Pisoniaceae","Caryophyllales",NA
"1182","Pistaciaceae","Sapindales",NA
"1183","Pistiaceae","Alismatales",NA
"1184","Pittosporaceae","Apiales",410
"1185","Plagianthaceae","Malvales",NA
"1186","Plagiopteraceae","Celastrales",NA
"1187","Plantaginaceae","Lamiales",368
"1188","Platanaceae","Proteales",117
"1189","Platycaryaceae","Fagales",NA
"1190","Platycladaceae","Pinales",NA
"1191","Platyspermataceae","Asterales",NA
"1192","Platystemonaceae","Ranunculales",NA
"1193","Plectroniaceae","Myrtales",NA
"1194","Pleurisanthaceae","nearGarryales",NA
"1195","Plocospermataceae","Lamiales",362
"1196","Plumbaginaceae","Caryophyllales",285
"1197","Plumeriaceae","Gentianales",NA
"1198","Poaceae","Poales",106
"1199","Podoaceae","Sapindales",NA
"1200","Podocarpaceae","Pinales",NA
"1201","Podophyllaceae","Ranunculales",NA
"1202","Podostemaceae","Malpighiales",213
"1203","Polemoniaceae","Ericales",327
"1204","Poliothyrsidaceae","Malpighiales",NA
"1205","Polpodaceae","Caryophyllales",NA
"1206","Polycarpaeaceae","Caryophyllales",NA
"1207","Polycnemaceae","Caryophyllales",NA
"1208","Polygalaceae","Fabales",146
"1209","Polygonaceae","Caryophyllales",286
"1210","Polygonanthaceae","Cucurbitales",NA
"1211","Polygonataceae","Asparagales",NA
"1212","Polyosmaceae","Escalloniales",NA
"1213","Pontederiaceae","Commelinales",80
"1214","Poranaceae","Solanales",NA
"1215","Porantheraceae","Malpighiales",NA
"1216","Portulacaceae","Caryophyllales",314
"1217","Portulacariaceae","Caryophyllales",NA
"1218","Posidoniaceae","Alismatales",40
"1219","Potaliaceae","Gentianales",NA
"1220","Potamogetonaceae","Alismatales",39
"1221","Potentillaceae","Rosales",NA
"1222","Poteriaceae","Rosales",NA
"1223","Pothaceae","Alismatales",NA
"1224","Pottingeriaceae","Celastrales",NA
"1225","Primulaceae","Ericales",333
"1226","Prioniaceae","Poales",NA
"1227","Prionotaceae","Ericales",NA
"1228","Prockiaceae","Malpighiales",NA
"1229","Proteaceae","Proteales",118
"1230","Prumnopityaceae","Pinales",NA
"1231","Prunaceae","Rosales",NA
"1232","Pseliaceae","Ranunculales",NA
"1233","Pseudanthaceae","Malpighiales",NA
"1234","Pseudophoenicaceae","Arecales",NA
"1235","Psiloxylaceae","Myrtales",NA
"1236","Psittacanthaceae","Santalales",NA
"1237","Psychotriaceae","Gentianales",NA
"1238","Psylliaceae","Lamiales",NA
"1239","Ptaeroxylaceae","Sapindales",NA
"1240","Pteleaceae","Sapindales",NA
"1241","Pteleocarpaceae","Gentianales",NA
"1242","Pteridophyllaceae","Ranunculales",NA
"1243","Pterisanthaceae","Vitales",NA
"1244","Pterostemonaceae","Saxifragales",NA
"1245","Punicaceae","Myrtales",NA
"1246","Putranjivaceae","Malpighiales",198
"1247","Pycnanthaceae","Orchidaceae",NA
"1248","Pyraceae","Rosales",NA
"1249","Pyrolaceae","Ericales",NA
"1250","Quassiaceae","Sapindales",NA
"1251","Quercaceae","Fagales",NA
"1252","Quiinaceae","Malpighiales",NA
"1253","Quillajaceae","Fabales",143
"1254","Quintiniaceae","Paracryphiales",NA
"1255","Rafflesiaceae","Malpighiales",183
"1256","Ramondaceae","Lamiales",NA
"1257","Randiaceae","Gentianales",NA
"1258","Ranunculaceae","Ranunculales",114
"1259","Ranzaniaceae","Ranunculales",NA
"1260","Rapateaceae","Poales",93
"1261","Raphanaceae","Brassicales",NA
"1262","Reaumuriaceae","Caryophyllales",NA
"1263","Rehmanniaceae","Lamiales",NA
"1264","Resedaceae","Brassicales",270
"1265","Restionaceae","Poales",102
"1266","Retziaceae","Lamiales",NA
"1267","Rhabdodendraceae","Caryophyllales",292
"1268","Rhamnaceae","Rosales",151
"1269","Rhaptopetalaceae","Ericales",NA
"1270","Rhexiaceae","Myrtales",NA
"1271","Rhinanthaceae","Lamiales",NA
"1272","Rhipogonaceae","Liliales",NA
"1273","Rhizophoraceae","Malpighiales",181
"1274","Rhoaceae","Sapindales",NA
"1275","Rhodiolaceae","Saxifragales",NA
"1276","Rhododendraceae","Ericales",NA
"1277","Rhodolaenaceae","Malvales",NA
"1278","Rhodoleiaceae","Saxifragales",NA
"1279","Rhodoraceae","Ericales",NA
"1280","Rhodotypaceae","Rosales",NA
"1281","Rhoipteleaceae","Fagales",NA
"1282","Rhopalocarpaceae","Malvales",NA
"1283","Rhynchocalycaceae","Myrtales",NA
"1284","Rhynchothecaceae","Geraniales",NA
"1285","Ribesiaceae","Saxifragales",NA
"1286","Ricinaceae","Malpighiales",NA
"1287","Ricinocarpaceae","Malpighiales",NA
"1288","Riviniaceae","Caryophyllales",NA
"1289","Roridulaceae","Ericales",339
"1290","Rosaceae","Rosales",147
"1291","Rousseaceae","Asterales",390
"1292","Roxburghiaceae","Pandanales",NA
"1293","Rubiaceae","Gentianales",350
"1294","Rumicaceae","Caryophyllales",NA
"1295","Ruppiaceae","Alismatales",41
"1296","Ruscaceae","Asparagales",NA
"1297","Rutaceae","Sapindales",241
"1298","Sabalaceae","Arecales",NA
"1299","Sabiaceae","Sabiales",115
"1300","Sabiceaceae","Gentianales",NA
"1301","Sabulinaceae","Caryophyllales",NA
"1302","Saccharaceae","Poales",NA
"1303","Saccifoliaceae","Gentianales",NA
"1304","Sagaceae","Arecales",NA
"1305","Saginaceae","Caryophyllales",NA
"1306","Sagoneaceae","Solanales",NA
"1307","Salaciaceae","Celastrales",NA
"1308","Salaxidaceae","Ericales",NA
"1309","Salazariaceae","Lamiales",NA
"1310","Salicaceae","Malpighiales",201
"1311","Salicorniaceae","Caryophyllales",NA
"1312","Salpiglossidaceae","Solanales",NA
"1313","Salsolaceae","Caryophyllales",NA
"1314","Salvadoraceae","Brassicales",265
"1315","Salviaceae","Lamiales",NA
"1316","Sambucaceae","Dipsacales",NA
"1317","Samolaceae","Ericales",NA
"1318","Samydaceae","Malpighiales",NA
"1319","Sanguisorbaceae","Rosales",NA
"1320","Saniculaceae","Apiales",NA
"1321","Sansevieriaceae","Asparagales",NA
"1322","Santalaceae","Santalales",279
"1323","Santolinaceae","Asterales",NA
"1324","Sapindaceae","Sapindales",240
"1325","Sapotaceae","Ericales",331
"1326","Sarbaicarpaceae","fossilSarbaicarpales,??near""Hamamelidales""",NA
"1327","Sarcobataceae","Caryophyllales",306
"1328","Sarcocaceae","Caryophyllales",NA
"1329","Sarcolaenaceae","Malvales",254
"1330","Sarcophytaceae","Santalales",NA
"1331","Sarcospermataceae","Ericales",NA
"1332","Sarcostigmataceae","nearGarryales",NA
"1333","Sargentodoxaceae","Ranunculales",NA
"1334","Sarraceniaceae","Ericales",338
"1335","Saturejaceae","Lamiales",NA
"1336","Saurauiaceae","Ericales",NA
"1337","Saururaceae","Piperales",11
"1338","Sauvagesiaceae","Malpighiales",NA
"1339","Saxegotheaceae","Pinales",NA
"1340","Saxifragaceae","Saxifragales",133
"1341","Scabiosaceae","Dipsacales",NA
"1342","Scaevolaceae","Asterales",NA
"1343","Scandicaceae","Apiales",NA
"1344","Scepaceae","Malpighiales",NA
"1345","Scheuchzeriaceae","Alismatales",35
"1346","Schinaceae","Sapindales",NA
"1347","Schisandraceae","Austrobaileyales",7
"1348","Schizolaenaceae","Malvales",NA
"1349","Schizopetalaceae","Brassicales",NA
"1350","Schlegeliaceae","Lamiales",381
"1351","Schoepfiaceae","Santalales",282
"1352","Schreberaceae","Lamiales",NA
"1353","Sciadopityaceae","Pinales",NA
"1354","Scillaceae","Asparagales",NA
"1355","Scirpaceae","Poales",NA
"1356","Scleranthaceae","Caryophyllales",NA
"1357","Scleriaceae","Poales",NA
"1358","Sclerophylacaceae","Solanales",NA
"1359","Scoliopaceae","Liliales",NA
"1360","Scopariaceae","Lamiales",NA
"1361","Scorodocarpaceae","Santalales",NA
"1362","Scrophulariaceae","Lamiales",369
"1363","Scutellariaceae","Lamiales",NA
"1364","Scybaliaceae","Santalales",NA
"1365","Scyphostegiaceae","Malpighiales",NA
"1366","Scytopetalaceae","Ericales",NA
"1367","Sebestenaceae","Boraginales",NA
"1368","Sedaceae","Saxifragales",NA
"1369","Seguieriaceae","Caryophyllales",NA
"1370","Selaginaceae","Lamiales",NA
"1371","Selinaceae","Apiales",NA
"1372","Sempervivaceae","Saxifragales",NA
"1373","Senecionaceae","Asterales",NA
"1374","Sequoiaceae","Pinales",NA
"1375","Serratulaceae","Asterales",NA
"1376","Sesamaceae","Lamiales",NA
"1377","Sesleriaceae","Poales",NA
"1378","Sesuviaceae","Caryophyllales",NA
"1379","Setchellanthaceae","Brassicales",262
"1380","Sheadendraceae","Myrtales",NA
"1381","Sibthorpiaceae","Lamiales",NA
"1382","Sidaceae","Malvales",NA
"1383","Silenaceae","Caryophyllales",NA
"1384","Sileraceae","Apiales",NA
"1385","Simabaceae","Sapindales",NA
"1386","Simaroubaceae","Sapindales",242
"1387","Simmondsiaceae","Caryophyllales",293
"1388","Sinofranchetiaceae","Ranunculales",NA
"1389","Siparunaceae","Laurales",23
"1390","Siphonanthaceae","Lamiales",NA
"1391","Siphonodontaceae","Celastrales",NA
"1392","Sisymbriaceae","Brassicales",NA
"1393","Sladeniaceae","Ericales",329
"1394","Smeathmanniaceae","Malpighiales",NA
"1395","Smilacaceae","Liliales",59
"1396","Smyrniaceae","Apiales",NA
"1397","Solanaceae","Solanales",358
"1398","Sonneratiaceae","Myrtales",NA
"1399","Soramiaceae","Dilleniales",NA
"1400","Sorbaceae","Rosales",NA
"1401","Soulameaceae","Sapindales",NA
"1402","Sparganiaceae","Poales",NA
"1403","Sparmanniaceae","Malvales",NA
"1404","Spartinaceae","Poales",NA
"1405","Spatheliaceae","Sapindales",NA
"1406","Spergulaceae","Caryophyllales",NA
"1407","Spermacoceaceae","Gentianales",NA
"1408","Sphaerosepalaceae","Malvales",251
"1409","Sphenocleaceae","Solanales",360
"1410","Sphenostemonaceae","Paracryphiales",NA
"1411","Spigeliaceae","Gentianales",NA
"1412","Spinaciaceae","Caryophyllales",NA
"1413","Spiraeaceae","Rosales",NA
"1414","Spiraeanthemaceae","Oxalidales",NA
"1415","Spondiadaceae","Sapindales",NA
"1416","Sporobolaceae","Poales",NA
"1417","Stachydaceae","Lamiales",NA
"1418","Stachyuraceae","Crossosomatales",232
"1419","Stackhousiaceae","Celastrales",NA
"1420","Stangeriaceae","Cycadales",NA
"1421","Stanleyaceae","Brassicales",NA
"1422","Stapeliaceae","Gentianales",NA
"1423","Staphyleaceae","Crossosomatales",230
"1424","Staticaceae","Caryophyllales",NA
"1425","Stegnospermataceae","Caryophyllales",299
"1426","Stellariaceae","Caryophyllales",NA
"1427","Stemonaceae","Pandanales",49
"1428","Stemonuraceae","Aquifoliales",385
"1429","Stenomeridaceae","Dioscoreales",NA
"1430","Sterculiaceae","Malvales",NA
"1431","Stilaginaceae","Malpighiales",NA
"1432","Stilbaceae","Lamiales",370
"1433","Stipaceae","Poales",NA
"1434","Stixaceae","nearResedaceae,Brassicales",NA
"1435","Strasburgeriaceae","Crossosomatales",229
"1436","Stratiotaceae","Alismatales",NA
"1437","Strelitziaceae","Zingiberales",82
"1438","Streptochaetaceae","Poales",NA
"1439","Strombosiaceae","Santalales",NA
"1440","Strumariaceae","Asparagales",NA
"1441","Strychnaceae","Gentianales",NA
"1442","Stylidiaceae","Asterales",393
"1443","Stylobasiaceae","Fabales",NA
"1444","Stylocerataceae","Buxales",NA
"1445","Stypheliaceae","Ericales",NA
"1446","Styracaceae","Ericales",337
"1447","Surianaceae","Fabales",145
"1448","Swartziaceae","Fabales",NA
"1449","Swieteniaceae","Sapindales",NA
"1450","Symphoremataceae","Lamiales",NA
"1451","Symplocaceae","Ericales",335
"1452","Synechanthaceae","Arecales",NA
"1453","Syringaceae","Lamiales",NA
"1454","Taccaceae","Dioscoreales",NA
"1455","Taiwaniaceae","Pinales",NA
"1456","Taktajaniaceae","Canellales",NA
"1457","Talinaceae","Caryophyllales",313
"1458","Tamaceae","Dioscoreales",NA
"1459","Tamaricaceae","Caryophyllales",284
"1460","Tamarindaceae","Fabales",NA
"1461","Tamnaceae","Dioscoreales",NA
"1462","Tanacetaceae","Asterales",NA
"1463","Tapisciaceae","Huerteales",245
"1464","Taxaceae","Pinales",NA
"1465","Taxodiaceae","Pinales",NA
"1466","Tecophilaeaceae","Asparagales",68
"1467","Telephiaceae","Caryophyllales",NA
"1468","Tepuianthaceae","Malvales",NA
"1469","Terminaliaceae","Myrtales",NA
"1470","Ternstroemiaceae","Ericales",NA
"1471","Tetracarpaeaceae","Saxifragales",136
"1472","Tetracentraceae","Trochodendrales",NA
"1473","Tetrachondraceae","Lamiales",365
"1474","Tetraclinaceae","Pinales",NA
"1475","Tetradiclidaceae","Sapindales",NA
"1476","Tetragoniaceae","Caryophyllales",NA
"1477","Tetramelaceae","Cucurbitales",168
"1478","Tetrameristaceae","Ericales",325
"1479","Tetrastylidiaceae","Santalales",NA
"1480","Tetrathecaceae","Oxalidales",NA
"1481","Thalassiaceae","Alismatales",NA
"1482","Thalictraceae","Ranunculales",NA
"1483","Theaceae","Ericales",334
"1484","Theligonaceae","Gentianales",NA
"1485","Themidaceae","Asparagales",NA
"1486","Theobromataceae","Malvales",NA
"1487","Theophrastaceae","Ericales",NA
"1488","Thesiaceae","Santalales",NA
"1489","Thismiaceae","Dioscoreales",NA
"1490","Thlaspiaceae","Brassicales",NA
"1491","Thoaceae","Gnetales",NA
"1492","Thomandersiaceae","Lamiales",380
"1493","Thujaceae","Pinales",NA
"1494","Thujopsidaceae","Pinales",NA
"1495","Thunbergiaceae","Lamiales",NA
"1496","Thurniaceae","Poales",97
"1497","Thymelaeaceae","Malvales",252
"1498","Ticodendraceae","Fagales",161
"1499","Tiliaceae","Malvales",NA
"1500","Tillaeaceae","Saxifragales",NA
"1501","Tillandsiaceae","Poales",NA
"1502","Tinaceae","Dipsacales",NA
"1503","Tithymalaceae","Malpighiales",NA
"1504","Tofieldiaceae","Alismatales",31
"1505","Tormentillaceae","Rosales",NA
"1506","Torreyaceae","Pinales",NA
"1507","Torricelliaceae","Apiales",408
"1508","Tovariaceae","Brassicales",267
"1509","Tradescantiaceae","Commelinales",NA
"1510","Tragiaceae","Malpighiales",NA
"1511","Trapaceae","Myrtales",NA
"1512","Trapellaceae","Lamiales",NA
"1513","Tremandraceae","Oxalidales",NA
"1514","Trewiaceae","Malpighiales",NA
"1515","Tribelaceae","Escalloniales",NA
"1516","Tribulaceae","Zygophyllales",NA
"1517","Trichopodaceae","Dioscoreales",NA
"1518","Tricyrtidaceae","Liliales",NA
"1519","Trifoliaceae","Fabales",NA
"1520","Triglochinaceae","Alismatales",NA
"1521","Trigoniaceae","Malpighiales",193
"1522","Trilliaceae","Liliales",NA
"1523","Trimeniaceae","Austrobaileyales",6
"1524","Triplobaceae","Malvales",NA
"1525","Triplochitonaceae","Malvales",NA
"1526","Triplostegiaceae","Dipsacales",NA
"1527","Tristichaceae","Malpighiales",NA
"1528","Triticaceae","Poales",NA
"1529","Triuridaceae","Pandanales",47
"1530","Trochodendraceae","Trochodendrales",119
"1531","Tropaeolaceae","Brassicales",258
"1532","Tulbaghiaceae","Asparagales",NA
"1533","Tulipaceae","Liliales",NA
"1534","Tumboaceae","Gnetales",NA
"1535","Tupistraceae","Asparagales",NA
"1536","Turneraceae","Malpighiales",NA
"1537","Tussilagaceae","Asterales",NA
"1538","Typhaceae","Poales",91
"1539","Uapacaceae","Malpighiales",NA
"1540","Ullucaceae","Caryophyllales",NA
"1541","Ulmaceae","Rosales",152
"1542","Ulmariaceae","Rosales",NA
"1543","Umbelliferae","Apiales",NA
"1544","Unisemataceae","Commelinales",NA
"1545","Urticaceae","Rosales",155
"1546","Utriculariaceae","Lamiales",NA
"1547","Uvulariaceae","Liliales",NA
"1548","Vacciniaceae","Ericales",NA
"1549","Vahliaceae","unplacedasteridI",355
"1550","Valerianaceae","Dipsacales",NA
"1551","Vallisneriaceae","Alismatales",NA
"1552","Vanillaceae","Asparagales",NA
"1553","Velloziaceae","Pandanales",48
"1554","Veratraceae","Liliales",NA
"1555","Verbascaceae","Lamiales",NA
"1556","Verbenaceae","Lamiales",382
"1557","Vernicaceae","Sapindales",NA
"1558","Vernoniaceae","Asterales",NA
"1559","Veronicaceae","Lamiales",NA
"1560","Viburnaceae","Dipsacales",NA
"1561","Viciaceae","Fabales",NA
"1562","Vincaceae","Gentianales",NA
"1563","Violaceae","Malpighiales",202
"1564","Viscaceae","Santalales",NA
"1565","Vitaceae","Vitales",140
"1566","Viticaceae","Lamiales",NA
"1567","Vivianiaceae","Geraniales",216
"1568","Vochysiaceae","Myrtales",221
"1569","Wachendorfiaceae","Commelinales",NA
"1570","Walleriaceae","Asparagales",NA
"1571","Wellingtoniaceae","Sabiales",NA
"1572","Wellstediaceae","Boraginales",NA
"1573","Welwitschiaceae","Gnetales",NA
"1574","Widdringtoniaceae","Pinales",NA
"1575","Willughbieaceae","Gentianales",NA
"1576","Winteraceae","Canellales",10
"1577","Wolffiaceae","Alismatales",NA
"1578","Xanthiaceae","Asterales",NA
"1579","Xanthoceraceae","Sapindales",NA
"1580","Xanthophyllaceae","Fabales",NA
"1581","Xanthorrhoeaceae","Asparagales",73
"1582","Xeranthemaceae","Asterales",NA
"1583","Xeronemataceae","Asparagales",72
"1584","Xerophyllaceae","Liliales",NA
"1585","Ximeniaceae","Santalales",NA
"1586","Xiphidiaceae","Commelinales",NA
"1587","Xyridaceae","Poales",94
"1588","Yuccaceae","Asparagales",NA
"1589","Zamiaceae","Cycadales",NA
"1590","Zannichelliaceae","Alismatales",NA
"1591","Zanoniaceae","Cucurbitales",NA
"1592","Zanthoxylaceae","Sapindales",NA
"1593","Zeaceae","Poales",NA
"1594","Zephyranthaceae","Asparagales",NA
"1595","Zingiberaceae","Zingiberales",89
"1596","Ziziphaceae","Rosales",NA
"1597","Zosteraceae","Alismatales",38
"1598","Zoysiaceae","Poales",NA
"1599","Zygophyllaceae","Zygophyllales",142
"1600","Guametalaceae",NA,231
"1601","Ripogonaceae",NA,58
